"country","revenue"
"United Kingdom","8187806.363998628"
"Netherlands","284661.5399999997"
"EIRE","263276.81999999925"
"Germany","221698.21000000022"
"France","197403.8999999999"
